﻿<?xml version="1.0" encoding="utf-8"?><meta xmlns:xsi="http://www.w3.org/2001/XMLSchema-instance" xmlns:xsd="http://www.w3.org/2001/XMLSchema"><project id="6GOv8hs9e6k" courseid="6SUwMMxT2Wg_course_id" thumburl="story_content/thumbnail.jpg" title="Module 4 Biographies for Extended Memorialization_UNLOCKED" datepublished="2021-10-14T17:28:39" version="1.0.0.0" flashdata="story_content/data.swf" html5data="mobile/data.json" mobiledata="mobile/data.gz" enabledownload="false" duration="About 18 minutes" totalaudio="1398194" totalvideo="47810"><description>Module 4 of 5 Geographic Information Systems. Micro course on GIS for mapping US Department of Veteran Affairs National Cemeteries and Texas A&amp;M University Aggie Legacy Verteran Project Headstones</description><keywords /><slidemeta moniker="slide" monikerplural="slides" viewslides="40" slidecountdescription="40 slides" /><author name="Kathleen Jurecka" email="" website="" /><application name="Articulate Storyline" version="3.52.25156.0" xmlversion="4.0" /></project></meta>