﻿<?xml version="1.0" encoding="utf-8"?><meta xmlns:xsi="http://www.w3.org/2001/XMLSchema-instance" xmlns:xsd="http://www.w3.org/2001/XMLSchema"><project id="5vXpVENcNbh" courseid="5cOgmaej9P9_course_id" thumburl="story_content/thumbnail.jpg" title="Module 1 Geographic Information Systems" datepublished="2021-10-01T01:27:53" version="1.0.0.0" flashdata="story_content/data.swf" html5data="mobile/data.json" mobiledata="mobile/data.gz" enabledownload="false" duration="About 14 minutes" totalaudio="889574" totalvideo="52770"><description>Module 1 of 5 Geographic Information Systems. Micro course on GIS for mapping US Department of Veteran Affairs National Cemeteries and Texas A&amp;M University Aggie Legacy Verteran Project Headstones</description><keywords /><slidemeta moniker="slide" monikerplural="slides" viewslides="37" slidecountdescription="37 slides" /><author name="Kathleen Jurecka" email="" website="" /><application name="Articulate Storyline" version="3.52.25156.0" xmlversion="4.0" /></project></meta>