﻿<?xml version="1.0" encoding="utf-8"?><meta xmlns:xsi="http://www.w3.org/2001/XMLSchema-instance" xmlns:xsd="http://www.w3.org/2001/XMLSchema"><project id="6CbmlfYPSun" courseid="5mttPVcqMcn_course_id" thumburl="story_content/thumbnail.jpg" title="Module 2 GNSS and UAS" datepublished="2021-10-01T01:58:34" version="1.0.0.0" flashdata="story_content/data.swf" html5data="mobile/data.json" mobiledata="mobile/data.gz" enabledownload="false" duration="About 11 minutes" totalaudio="660561" totalvideo="31137"><description>Module 2 of 5: GNSS and UAS. Micro course on GNSS and UAS for mapping US Department of Veteran Affairs National Cemeteries and Texas A&amp;M University Aggie Legacy Verteran Project Headstones</description><keywords /><slidemeta moniker="slide" monikerplural="slides" viewslides="36" slidecountdescription="36 slides" /><author name="Kathleen Jurecka" email="" website="" /><application name="Articulate Storyline" version="3.52.25156.0" xmlversion="4.0" /></project></meta>