Cemetery Name,Address,Contact,Burial Status,Link
Alabama National Cemetery*,"3133 Highway 119
Montevallo, AL 35115",Phone: 205-665-9039 FAX: 205-665-7790,Open,https://www.cem.va.gov/cems/nchp/Alabama.asp
Fort McClellan Post Cemetery*,"	540 Goode Rd
Anniston, AL 36201",Phone: 205-665-9039 FAX: 205-665-7790,Closed,https://www.cem.va.gov/cems/nchp/FtMcClellan.asp
Fort McClellan EPW Cemetery*,"	3541 Shipley Rd
Anniston, AL 36201",Phone: 205-665-9039 FAX: 205-665-7790,Closed,https://www.cem.va.gov/cems/lots/FtMcClellanEPW.asp
Fort Mitchell National Cemetery*,"553 Highway 165
Ft. Mitchell, AL 36856",Phone: 334-855-4731 FAX: 334-855-4470,Open,https://www.cem.va.gov/cems/nchp/FtMitchell.asp
Mobile National Cemetery*,"1202 Virginia Street
Mobile, AL 36604",Phone: 850-453-4846 or 850-453-4108 FAX: 850-453-4635,Closed,https://www.cem.va.gov/cems/nchp/Mobile.asp
Fort Richardson National Cemetery*,"Bldg 58-512 Davis Hwy
Fort Richardson, AK 99505",Phone: 907-384-7075 FAX: 907-384-7111,Open,https://www.cem.va.gov/cems/nchp/FtRichardson.asp
Sitka National Cemetery*,"803 Sawmill Creek Road
Sitka, AK 99835",Phone: 907-384-7075 FAX: 907-384-7111,Open,https://www.cem.va.gov/cems/nchp/Sitka.asp
National Memorial Cemetery of Arizona*,"23029 North Cave Creek Road
Phoenix, AZ 85024",Phone: 480-513-3600 FAX: 480-513-1412,Open,https://www.cem.va.gov/cems/nchp/NMCA.asp
Prescott National Cemetery*,"500 Highway 89 North
Prescott, AZ 86313",Phone: 928-717-7569 FAX: 928-717-7570,Cremation Only,https://www.cem.va.gov/cems/nchp/Prescott.asp
Fayetteville National Cemetery*,"700 Government Avenue
Fayetteville, AR 72701",Phone: 479-442-2566 FAX: 479-442-3046,Open,https://www.cem.va.gov/cems/nchp/Fayetteville.asp
Fort Smith National Cemetery*,"522 Garland Avenue and South 6th Street
Fort Smith, AR 72901",Phone: 479-783-5345 FAX: 479-785-4189,Open,https://www.cem.va.gov/cems/nchp/FtSmith.asp
Little Rock National Cemetery*,"2523 Springer Boulevard
Little Rock, AR 72206",Phone: 479-783-5345 FAX: 479-785-4189,Closed,https://www.cem.va.gov/cems/nchp/LittleRock.asp
Bakersfield National Cemetery*,"30338 East Bear Mountain Blvd.
Arvin, CA 93203",Phone: 661-867-2250 or 866-632-1845 FAX: 661-867-2253,Open,https://www.cem.va.gov/cems/nchp/Bakersfield.asp
Benicia Arsenal Post Cemetery*,"Birch Rd
Benicia, CA 94510",Phone: 707-693-2460 FAX: 707-693-2479,Closed,https://www.cem.va.gov/cems/nchp/BeniciaArsenal.asp
Fort Rosecrans National Cemetery*,"Cabrillo Memorial Drive
San Diego, CA 92106",Phone: 619-553-2084 FAX: 619-553-6593,Closed,https://www.cem.va.gov/cems/nchp/FtRosecrans.asp
Golden Gate National Cemetery*,"1300 Sneath Lane
San Bruno, CA 94066",Phone: 650-589-7737 FAX: 650-873-6578,Closed,https://www.cem.va.gov/cems/nchp/GoldenGate.asp
Los Angeles National Cemetery*,"950 S Sepulveda Blvd.
Los Angeles, CA 90049",Phone: 310-268-4675 FAX: 310-268-3257,Closed,https://www.cem.va.gov/cems/nchp/LosAngeles.asp
Miramar National Cemetery*,"5795 Nobel Drive
San Diego, CA 92122",Phone: 858-658-7360 FAX: 858-658-7397,Open,https://www.cem.va.gov/cems/nchp/Miramar.asp
Riverside National Cemetery*,"22495 Van Buren Blvd.
Riverside, CA 92518",Phone: 951-653-8417 FAX: 951-653-5233,Open,https://www.cem.va.gov/cems/nchp/Riverside.asp
Sacramento Valley National Cemetery*,"5810 Midway Road
Dixon, CA 95620",Phone: 707-693-2460 FAX: 707-693-2479,Open,https://www.cem.va.gov/cems/nchp/Sacramento.asp
San Francisco National Cemetery*,"1 Lincoln Boulevard
Presidio of San Francisco
San Francisco, CA 94129",Phone: 650-589-7737 FAX: 650-873-6578,Closed,https://www.cem.va.gov/cems/nchp/SanFrancisco.asp
San Joaquin Valley National Cemetery*,"32053 W McCabe Rd.
Santa Nella, CA 95322",Phone: 209-854-1040 FAX: 209-854-3944,Open,https://www.cem.va.gov/cems/nchp/SanJoaquinValley.asp
Fort Logan National Cemetery*,"4400 W. Kenyon Ave.
Denver, CO 80236",Phone: 303-761-0117 FAX: 303-781-9378,Open,https://www.cem.va.gov/cems/nchp/FtLogan.asp
Fort Lyon National Cemetery*,"15700 County Road HH
Las Animas, CO 81054",Phone: 719-216-1025 ,Open,https://www.cem.va.gov/cems/nchp/FtLyon.asp
Pikes Peak National Cemetery*,"10545 Drennan Road
Colorado Springs, CO 80925",Phone: 719-216-1025 ,Open,https://www.cem.va.gov/cems/nchp/PikesPeak.asp
Congressional Cemetery Government Lots,"1801 E Street, SE
Washington, DC 20003",Phone: 410-644-9696 FAX: 410-644-1563,Closed,https://www.cem.va.gov/cems/lots/Congressional.asp
Barrancas National Cemetery*,"1 Cemetery Road
Pensacola, FL 32508",Phone: 850-453-4108 FAX: 850-453-4635,Open,https://www.cem.va.gov/cems/nchp/Barrancas.asp
Bay Pines National Cemetery*,"10000 Bay Pines Boulevard North
St. Petersburg, FL 33708",Phone: 727-319-6479 FAX: 727-319-6490,Cremation Only,https://www.cem.va.gov/cems/nchp/BayPines.asp
Cape Canaveral National Cemetery*,"5525 U.S. Highway 1
Mims, FL 32754",Phone: 321-383-2638 FAX: 321-383-2642,Open,https://www.cem.va.gov/cems/nchp/CapeCanaveral.asp
Florida National Cemetery*,"6502 S.W. 102nd Avenue
Bushnell, FL 33513",Phone: 352-793-7740 FAX: 352-793-9560,Open,https://www.cem.va.gov/cems/nchp/Florida.asp
Jacksonville National Cemetery*,"4083 Lannie Road
Jacksonville, FL 32218",Phone: 904-766-5222 FAX: 904-766-5980,Open,https://www.cem.va.gov/cems/nchp/Jacksonville.asp
Sarasota National Cemetery*,"9810 State Road 72
Sarasota, FL 34241",Phone: 877-861-9840 FAX: 941-922-3457,Open,https://www.cem.va.gov/cems/nchp/Sarasota.asp
South Florida National Cemetery*,"6501 S. State Road 7
Lake Worth, FL 33449",Phone: 561-649-6489 FAX: 561-649-3948,Open,https://www.cem.va.gov/cems/nchp/SouthFlorida.asp
St. Augustine National Cemetery*,"104 Marine Street
St. Augustine, FL 32084",Phone: 904-766-5222 FAX: 904-766-5980,Closed,https://www.cem.va.gov/cems/nchp/StAugustine.asp
Tallahassee National Cemetery*,"5015 Apalachee Parkway
Tallahassee, FL 32311",Phone: 850-402-8941 FAX: 850-402-4099,Open,https://www.cem.va.gov/cems/nchp/Tallahassee.asp
Georgia National Cemetery*,"1080 Scott Hudgens Drive
Canton, GA 30114",Phone: 866-236-8159 Or 770-479-9300 FAX: 770-479-9311,Open,https://www.cem.va.gov/cems/nchp/Georgia.asp
Marietta National Cemetery*,"500 Washington Avenue
Marietta, GA 30060",Phone: 866-236-8159 FAX: 770-479-9311,Closed,https://www.cem.va.gov/cems/nchp/Marietta.asp
National Memorial Cemetery of the Pacific*,"2177 Puowaina Drive
Honolulu, HI 96813",Phone: 808-532-3720 FAX: 808-532-3756,Cremation Only,https://www.cem.va.gov/cems/nchp/NMCP.asp
Snake River Canyon National Cemetery*,"1585 East Elm Street (E 4150 N)
Buhl, ID 83316",Phone: 208-732-7499 ,Open,https://www.cem.va.gov/cems/nchp/SnakeRiverCanyon.asp
Abraham Lincoln National Cemetery*,"20953 W. Hoff Road
Elwood, IL 60421",Phone: 815-423-9958 FAX: 815-423-5824,Open,https://www.cem.va.gov/cems/nchp/AbrahamLincoln.asp
Alton National Cemetery*,"600 Pearl Street
Alton, IL 62002",Phone: 314-845-8320 FAX: 314-845-8355,Cremation Only,https://www.cem.va.gov/cems/nchp/Alton.asp
Camp Butler National Cemetery*,"5063 Camp Butler Road
Springfield, IL 62707-9722",Phone: 217-492-4070 FAX: 217-492-4072,Open,https://www.cem.va.gov/cems/nchp/CampButler.asp
Danville National Cemetery*,"1900 East Main Street
Danville, IL 61832",Phone: 217-554-4550 FAX: 217-554-4803,Open,https://www.cem.va.gov/cems/nchp/DanvilleIL.asp
Fort Sheridan National Cemetery*,"Vatner Road
Fort Sheridan, IL 60037",Phone: 224-610-7296 FAX: 224-610-4625,Cremation Only,https://www.cem.va.gov/cems/nchp/FtSheridan.asp
Mound City National Cemetery*,"141 State Highway 37
Mound City, IL 62963",Phone: 618-748-9107 FAX: 618-748-9108,Open,https://www.cem.va.gov/cems/nchp/MoundCity.asp
Quincy National Cemetery*,"36th & Maine Street
Quincy, IL 62301",Phone: 309-782-2094 FAX: 309-782-2097,Closed,https://www.cem.va.gov/cems/nchp/Quincy.asp
Rock Island National Cemetery*,"Bldg 118 Rock Island Arsenal
Rock Island, IL 61299",Phone: 309-782-2094 FAX: 309-782-2097,Open,https://www.cem.va.gov/cems/nchp/RockIsland.asp
Confederate Mound,"Oak Woods Cemetery
1035 E 67th St
Chicago, IL 60637",Phone: 815-423-9958 FAX: 815-423-5824,Closed,https://www.cem.va.gov/cems/lots/Confederate_Mound.asp
North Alton Confederate Cemetery,"635 Rozier Street
Alton, IL 62003",Phone: 314-845-8320 FAX: 314-845-8355,Closed,https://www.cem.va.gov/cems/lots/North_Alton.asp
Rock Island Confederate Cemetery,"Rodman Avenue
Rock Island Arsenal
Rock Island, IL 61299",Phone: 309-782-2094 FAX: 309-782-2097,Closed,https://www.cem.va.gov/cems/lots/RockIsland_Confed.asp
Crown Hill National Cemetery*,"700 West 38th Street
Indianapolis, IN 46208",Phone: 765-674-0284 FAX: 765-674-4521,Closed,https://www.cem.va.gov/cems/nchp/CrownHill.asp
Marion National Cemetery*,"1700 East 38th Street
Marion, IN 46952",Phone: 765-674-0284 FAX: 765-674-4521,Open,https://www.cem.va.gov/cems/nchp/Marion.asp
New Albany National Cemetery*,"1943 Ekin Avenue
New Albany, IN 47150",Phone: 502-893-3852 FAX: 502-893-6612,Cremation Only,https://www.cem.va.gov/cems/nchp/NewAlbany.asp
Crown Hill Cemetery Confederate Plot,"700 West 38th Street
Indianapolis, IN 46208",Phone: 765-674-0284 FAX: 765-674-4521,Closed,https://www.cem.va.gov/cems/lots/CrownHill.asp
Woodlawn Monument Site,"North 3rd Street and 4th Avenue
Terre Haute, IN 47802",Phone: 815-423-9958 FAX: 815-423-5824,Closed,https://www.cem.va.gov/cems/lots/Woodlawn_Monument.asp
Keokuk National Cemetery*,"1701 J Street
Keokuk, IA 52632",Phone: 319-524-1304 FAX: 319-524-8118,Open,https://www.cem.va.gov/cems/nchp/Keokuk.asp
Oakdale Cemetery Soldiers' Lot,"Oakdale Memorial Gardens
2501 Eastern Avenue
Davenport, IA 52807",Phone: 309-782-2094 FAX: 309-782-2097,Closed,https://www.cem.va.gov/cems/lots/Oakdale.asp
Fort Leavenworth National Cemetery*,"395 Biddle Boulevard
Fort Leavenworth, KS 66027",Phone: 913-758-4105 FAX: 913-758-4136,Cremation Only,https://www.cem.va.gov/cems/nchp/FtLeavenworth.asp
Fort Scott National Cemetery*,"900 East National Avenue
Fort Scott, KS 66701",Phone: 620-223-2840 FAX: 620-223-2505,Open,https://www.cem.va.gov/cems/nchp/FtScott.asp
Leavenworth National Cemetery*,"150 Muncie Road
Leavenworth, KS 66048",Phone: 913-727-1376 FAX: 913-758-4136,Open,https://www.cem.va.gov/cems/nchp/Leavenworth.asp
Baxter Springs City Soldiers' Lot,"Baxter Springs City Cemetery
Baxter Springs, KS 66713",Phone: 913-758-4105 FAX: 913-758-4136,Closed,https://www.cem.va.gov/cems/lots/BaxterSprings.asp
Mound City Cemetery Soldiers' Lot,"Woodland Cemetery
Mound City, KS 66506",Phone: 913-758-4105 FAX: 913-758-4136,Closed,https://www.cem.va.gov/cems/lots/MoundCity.asp
Camp Nelson National Cemetery*,"6980 Danville Road
Nicholasville, KY 40356",Phone: 859-885-5727 FAX: 859-887-4860,Open,https://www.cem.va.gov/cems/nchp/CampNelson.asp
Cave Hill National Cemetery*,"701 Baxter Avenue
Louisville, KY 40204",Phone: 502-893-3852 FAX: 502-893-6612,Closed,https://www.cem.va.gov/cems/nchp/CaveHill.asp
Danville National Cemetery*,"277 North First Street
Danville, KY 40422",Phone: 859-885-5727 FAX: 859-887-4860,Closed,https://www.cem.va.gov/cems/nchp/DanvilleKY.asp
Lebanon National Cemetery*,"20 Hwy 208
Lebanon, KY 40033",Phone: 270-692-3390 FAX: 270-692-0018,Open,https://www.cem.va.gov/cems/nchp/Lebanon.asp
Lexington National Cemetery*,"833 West Main Street
Lexington, KY 40508",Phone: 859-885-5727 FAX: 859-887-4860,Closed,https://www.cem.va.gov/cems/nchp/Lexington.asp
Mill Springs National Cemetery*,"9044 West Highway 80
Nancy, KY 42544",Phone: 859-885-5727 FAX: 859-887-4860,Open,https://www.cem.va.gov/cems/nchp/MillSprings.asp
Zachary Taylor National Cemetery*,"4701 Brownsboro Road
Louisville, KY 40207",Phone: 502-893-3852 FAX: 502-893-6612,Closed,https://www.cem.va.gov/cems/nchp/ZacharyTaylor.asp
Evergreen Cemetery Soldiers' Lot,"25 South Alexandria Pike
Southgate, KY 41071",Phone: 859-885-5727 FAX: 859-887-4860,Closed,https://www.cem.va.gov/cems/lots/Evergreen.asp
Alexandria National Cemetery*,"209 East Shamrock Street
Pineville, LA 71360",Phone: 225-654-1988 FAX: 225-654-1989,Closed,https://www.cem.va.gov/cems/nchp/AlexandriaLA.asp
Baton Rouge National Cemetery*,"220 North 19th Street
Baton Rouge, LA 70806",Phone: 225-654-1988 FAX: 225-654-1989,Closed,https://www.cem.va.gov/cems/nchp/BatonRouge.asp
Louisiana National Cemetery*,"303 W. Mount Pleasant Road
Zachary, LA 70791",Phone: 225-654-1988 FAX: 225-654-1989,Open,https://www.cem.va.gov/cems/nchp/Louisiana.asp
Port Hudson National Cemetery*,"20978 Port Hickey Road
Zachary, LA 70791",Phone: 225-654-1988 FAX: 225-654-1989,Cremation Only,https://www.cem.va.gov/cems/nchp/PortHudson.asp
Acadia National Cemetery*,"1799 U.S. Route 1
Jonesboro, ME 72404",Phone: 508-563-7113 FAX: 508-564-9946,Open,https://www.cem.va.gov/cems/nchp/Acadia.asp
Togus National Cemetery*,"VA Medical & Regional Office Center
Togus, ME 4330",Phone: 508-563-7113 FAX: 508-564-9946,Closed,https://www.cem.va.gov/cems/nchp/Togus.asp
Mount Pleasant Cemetery Soldiers' Lot,"North Street
Augusta, ME 04330",Phone: 508-563-7113 FAX: 508-564-9946,Closed,https://www.cem.va.gov/cems/lots/MountPleasant.asp
Annapolis National Cemetery*,"800 West Street
Annapolis, MD 21401",Phone: 410-644-9696 FAX: 410-644-1563,Closed,https://www.cem.va.gov/cems/nchp/Annapolis.asp
Baltimore National Cemetery*,"5501 Frederick Avenue
Baltimore, MD 21228",Phone: 410-644-9696 FAX: 410-644-1563,Cremation Only,https://www.cem.va.gov/cems/nchp/Baltimore.asp
Loudon Park National Cemetery*,"3445 Frederick Avenue
Baltimore, MD 21228",Phone: 410-644-9696 FAX: 410-644-1563,Closed,https://www.cem.va.gov/cems/nchp/LoudonPark.asp
Point Lookout Confederate Cemetery,"Point Lookout
Ridge, MD 20680",Phone: 410-644-9696 FAX: 410-644-1563,Closed,https://www.cem.va.gov/cems/lots/Point_Lookout.asp
Fort Devens Post Cemetery*,"35 Patton Road
Devens, MA 01434",Phone: 508-563-7113 FAX: 508-564-9946,Open,https://www.cem.va.gov/cems/nchp/FtDevens.asp
Massachusetts National Cemetery*,"Connery Avenue
Bourne, MA 02532",Phone: 508-563-7113 FAX: 508-564-9946,Open,https://www.cem.va.gov/cems/nchp/Massachusetts.asp
Woodlawn Cemetery Soldiers' Lot,"Harvard Street
Ayer, MA 01432",Phone: 508-563-7113 FAX: 508-564-9946,Closed,https://www.cem.va.gov/cems/lots/Woodlawn.asp
Fort Custer National Cemetery*,"15501 Dickman Rd.
Augusta, MI 49012",Phone: 269-731-4164 FAX: 269-731-2428,Open,https://www.cem.va.gov/cems/nchp/FtCuster.asp
Great Lakes National Cemetery*,"4200 Belford Road
Holly, MI 48442",Phone: 248-328-0386 Or 866-348-8603 FAX: 248-328-0612,Open,https://www.cem.va.gov/cems/nchp/GreatLakes.asp
Fort Mackinac Post Cemetery,"Mackinac State Park
Mackinac Island, MI 49757",Phone: 248-328-0386 FAX: 248-328-0612,Closed,https://www.cem.va.gov/cems/lots/Fort_Mackinac.asp
Lakeside Cemetery Soldiers' Lot,"3781 Gratiot Street
Port Huron, MI 48060",Phone: 248-328-0386 FAX: 248-328-0612,Closed,https://www.cem.va.gov/cems/lots/Lakeside.asp
Fort Snelling National Cemetery*,"7601 34th Avenue South
Minneapolis, MN 55450",Phone: 612-726-1127 FAX: 612-725-2059,Open,https://www.cem.va.gov/cems/nchp/FtSnelling.asp
Biloxi National Cemetery*,"400 Veterans Avenue
Bldg. 1001
Biloxi, MS 39531",Phone: 228-388-6668 FAX: 228-523-5784,Open,https://www.cem.va.gov/cems/nchp/Biloxi.asp
Corinth National Cemetery*,"1551 Horton Street
Corinth, MS 38834",Phone: 901-386-8311 FAX: 901-382-0750,Open,https://www.cem.va.gov/cems/nchp/Corinth.asp
Natchez National Cemetery*,"41 Cemetery Road
Natchez, MS 39120",Phone: 601-445-4981 FAX: 601-445-8815,Open,https://www.cem.va.gov/cems/nchp/Natchez.asp
Jefferson Barracks National Cemetery*,"2900 Sheridan Road
St. Louis, MO 63125",Phone: 314-845-8320 FAX: 314-845-8355,Open,https://www.cem.va.gov/cems/nchp/JeffersonBarracks.asp
Jefferson City National Cemetery*,"1024 E. McCarty Street
Jefferson City, MO 65101",Phone: 314-845-8320 FAX: 314-845-8355,Closed,https://www.cem.va.gov/cems/nchp/JeffersonCity.asp
Springfield National Cemetery*,"1702 East Seminole Street
Springfield, MO 65804",Phone: 417-881-9499 FAX: 417-881-7862,Cremation Only,https://www.cem.va.gov/cems/nchp/Springfield.asp
Union Confederate Monument Site,"227 E. 28th Street Terrace
Kansas City, MO 64108",Phone: 913-758-4105 FAX: 913-758-4136,Closed,https://www.cem.va.gov/cems/lots/Union_Confed.asp
Fort Missoula Post Cemetery*,"Guardsman Lane
Missoula, MT 59804",Phone: 303-761-0117 FAX: 303-781-9378,Closed,https://www.cem.va.gov/cems/nchp/FtMissoula.asp
Yellowstone National Cemetery*,"55 Buffalo Trail Road
Laurel, MT 59044",Phone: 406-647-2746 ,Open,https://www.cem.va.gov/cems/nchp/Yellowstone.asp
Fort McPherson National Cemetery*,"12004 South Spur 56A
Maxwell, NE 69151",Phone: 308-582-4433 FAX: 308-582-4616,Open,https://www.cem.va.gov/cems/nchp/FtMcPherson.asp
Omaha National Cemetery*,"14250 Schram Road
Omaha, NE 68138",Phone: 402-253-3949 ,Open,https://www.cem.va.gov/cems/nchp/Omaha.asp
Forest Lawn Cemetery Soldiers' Lot,"Forest Lawn Memorial Park
7909 Mormon Bridge Road
Omaha, NE 68112",Phone: 913-758-4105 FAX: 913-758-4136,Closed,https://www.cem.va.gov/cems/lots/ForestLawn.asp
Beverly National Cemetery*,"916 Bridgeboro Road
Beverly, NJ 08010",Phone: 215-504-5610 FAX: 215-504-5611,Closed,https://www.cem.va.gov/cems/nchp/Beverly.asp
Finn's Point National Cemetery*,"454 Fort Mott Road
Pennsville, NJ 08070",Phone: 215-504-5610 FAX: 215-504-5611,Cremation Only,https://www.cem.va.gov/cems/nchp/FinnsPoint.asp
Fort Bayard National Cemetery*,"200 Camino De Paz
Fort Bayard, NM 88036",Phone: 505-988-6400 FAX: 505-988-6497,Open,https://www.cem.va.gov/cems/nchp/FtBayard.asp
Santa Fe National Cemetery*,"501 North Guadalupe Street
Santa Fe, NM 87501",Phone: 505-988-6400 FAX: 505-988-6497,Open,https://www.cem.va.gov/cems/nchp/SantaFe.asp
Bath National Cemetery*,"San Juan Avenue
Bath, NY 14810",Phone: 607-664-4853 FAX: 607-664-4761,Open,https://www.cem.va.gov/cems/nchp/Bath.asp
Calverton National Cemetery*,"210 Princeton Boulevard
Calverton, NY 11933",Phone: 631-727-5410 FAX: 631-369-4397,Open,https://www.cem.va.gov/cems/nchp/Calverton.asp
Cypress Hills National Cemetery*,"625 Jamaica Avenue
Brooklyn, NY 11208",Phone: 631-454-4949 FAX: 631-694-5422,Closed,https://www.cem.va.gov/cems/nchp/CypressHills.asp
Gerald B. H. Solomon Saratoga National Cemetery*,"200 Duell Road
Schuylerville, NY 12871",Phone: 518-581-9128 FAX: 518-583-6975,Open,https://www.cem.va.gov/cems/nchp/GeraldBHSolomonSaratoga.asp
Long Island National Cemetery*,"2040 Wellwood Avenue
Farmingdale, NY 11735",Phone: 631-454-4949 FAX: 631-694-5422,Cremation Only,https://www.cem.va.gov/cems/nchp/LongIsland.asp
Western New York National Cemetery*,"1254 Indian Falls Road
Corfu, New York 14036",Phone: 585-297-1300 ,Open,https://www.cem.va.gov/cems/nchp/WesternNewYork.asp
Woodlawn National Cemetery*,"1825 Davis Street
Elmira, NY 14901",Phone: 607-732-5411 FAX: 607-732-1769,Cremation Only,https://www.cem.va.gov/cems/nchp/Woodlawn.asp
Albany Rural Cemetery Soldiers' Lot,"Cemetery Avenue
Albany, NY 12204",Phone: 518-581-9128 FAX: 518-583-6975,Closed,https://www.cem.va.gov/cems/lots/Albany_Rural.asp
New Bern National Cemetery*,"1711 National Avenue
New Bern, NC 28560",Phone: 252-637-2912 FAX: 252-637-7145,Closed,https://www.cem.va.gov/cems/nchp/NewBern.asp
Raleigh National Cemetery*,"501 Rock Quarry Road
Raleigh, NC 27610",Phone: 252-637-2912 FAX: 704-636-2661,Closed,https://www.cem.va.gov/cems/nchp/Raleigh.asp
Salisbury National Cemetery*,"501 Statesville Boulevard
Salisbury, NC 28144",Phone: 704-636-2661 FAX: 704-636-1115,Open,https://www.cem.va.gov/cems/nchp/Salisbury.asp
Wilmington National Cemetery*,"2011 Market Street
Wilmington, NC 28403",Phone: 910-815-4877 FAX: 252-637-7145,Closed,https://www.cem.va.gov/cems/nchp/Wilmington.asp
Fargo National Cemetery*,"8709 40th Ave. N, County Road 20
Harwood, ND 58042",Phone: 701-451-4650 ,Open,https://www.cem.va.gov/cems/nchp/Fargo.asp
Dayton National Cemetery*,"4400 West Third Street
Dayton, OH 45428",Phone: 937-268-2221 FAX: 937-268-2225,Open,https://www.cem.va.gov/cems/nchp/Dayton.asp
Ohio Western Reserve National Cemetery*,"10175 Rawiga Road
Seville, OH 44273",Phone: 330-335-3069 FAX: 216-229-6104,Open,https://www.cem.va.gov/cems/nchp/OhioWesternReserve.asp
Camp Chase Confederate Cemetery,"2900 Sullivant Avenue
Columbus, OH 43204",Phone: 937-268-2221 FAX: 937-268-2225,Closed,https://www.cem.va.gov/cems/lots/CampChase.asp
Confederate Stockade Cemetery,"Johnson's Island
Sandusky, OH 44870",Phone: 330-335-3069 FAX: 216-229-6104,Closed,https://www.cem.va.gov/cems/lots/Confederate_Stockade.asp
Woodland Cemetery Soldiers' Lot,"6901 Woodland Avenue
Cleveland, OH 44104",Phone: 330-335-3069 FAX: 216-229-6104,Closed,https://www.cem.va.gov/cems/lots/Woodland.asp
Fort Gibson National Cemetery*,"1423 Cemetery Road
Ft. Gibson, OK 74434",Phone: 918-478-2334 FAX: 918-478-2661,Open,https://www.cem.va.gov/cems/nchp/FtGibson.asp
Fort Sill National Cemetery*,"2648 NE Jake Dunn Road
Elgin, OK 73538",Phone: 580-492-3200 FAX: 580-492-3208,Open,https://www.cem.va.gov/cems/nchp/FtSill.asp
Eagle Point National Cemetery*,"	2763 Riley Rd.
Eagle Point, OR 97524",Phone: 541-826-2511 FAX: 541-826-2888,Open,https://www.cem.va.gov/cems/nchp/EaglePoint.asp
Fort Stevens National Cemetery*,"1090-1140 Russell Drive
Hammond, OR 97121",Phone: 503-273-5250 FAX: 503-273-5251,Cremation Only,https://www.cem.va.gov/cems/nchp/FtStevens.asp
Roseburg National Cemetery*,"913 NW Garden Valley Blvd
Roseburg, OR 97471",Phone: 541-677-3152 FAX: 541-677-3044,Open,https://www.cem.va.gov/cems/nchp/Roseburg.asp
Willamette National Cemetery*,"	11800 SE Mt. Scott Blvd.
Portland, OR 97086",Phone: 503-273-5250 FAX: 503-273-5251,Open,https://www.cem.va.gov/cems/nchp/Willamette.asp
Indiantown Gap National Cemetery*,"Indiantown Gap Rd.
Annville, PA 17003",Phone: 717-865-5254 FAX: 717-865-5256,Open,https://www.cem.va.gov/cems/nchp/IndiantownGap.asp
National Cemetery of the Alleghenies*,"	1158 Morgan Road
Bridgeville, PA 15017",Phone: 724-746-4363 FAX: 724-746-4360,Open,https://www.cem.va.gov/cems/nchp/NCAlleghenies.asp
Philadelphia National Cemetery*,"Haines St. and Limekiln Pike
Philadelphia, PA 19138",Phone: 215-504-5610 FAX: 215-504-5611,Closed,https://www.cem.va.gov/cems/nchp/Philadelphia.asp
Washington Crossing National Cemetery*,"830 Highland Road
Newtown, PA 18940",Phone: 215-504-5610 FAX: 215-504-5611,Open,https://www.cem.va.gov/cems/nchp/WashingtonCrossing.asp
Allegheny Cemetery Soldiers' Lot,"	4734 Butler Street
Pittsburgh, PA 15201",Phone: 724-746-4363 FAX: 724-746-4360,Closed,https://www.cem.va.gov/cems/lots/Allegheny.asp
Ashland Cemetery Soldiers' Lot,"	630 South Hanover Street
Carlisle, PA 17013",Phone: 717-865-5254 FAX: 717-865-5256,Closed,https://www.cem.va.gov/cems/lots/Ashland.asp
Mount Moriah Cemetery Soldiers' Lot,"	62nd Street and Kingsessing Ave.
Philadelphia, PA 19142",Phone: 215-504-5610 FAX: 215-504-5611,Closed,https://www.cem.va.gov/cems/lots/MountMoriah.asp
Mount Moriah Cemetery Naval Plot,"	62nd Street and Kingsessing Ave.
Philadelphia, PA 19142",Phone: 215-504-5610 FAX: 215-504-5611,Closed,https://www.cem.va.gov/cems/lots/MountMoriah_Naval.asp
Prospect Hill Cemetery Soldiers' Lot,"	700 North George Street
York, PA 17404",Phone: 717-865-5254 FAX: 717-865-5256,Closed,https://www.cem.va.gov/cems/lots/ProspectHill_PA.asp
Puerto Rico National Cemetery*,"	Avenue Cementerio Nacional #50
Bayamon, PR 00961",Phone: 787-798-8400 FAX: 787-785-7281,Open,https://www.cem.va.gov/cems/nchp/PuertoRico.asp
,"900 Carretera 137
Morovis, PR 00687",Phone: 787-798-8400 FAX: 787-785-7281,Open,https://www.cem.va.gov/cems/nchp/Morovis.asp
Beaufort National Cemetery*,"1601 Boundary St.
Beaufort, SC 29902",Phone: 843-524-3925 FAX: 843-524-8538,Open,https://www.cem.va.gov/cems/nchp/Beaufort.asp
Florence National Cemetery*,"	803 E National Cemetery Rd.
Florence, SC 29501",Phone: 843-669-8783 FAX: 843-662-8318,Open,https://www.cem.va.gov/cems/nchp/Florence.asp
Fort Jackson National Cemetery*,"	4170 Percival Road
Columbia, SC 29229",Phone: 866-577-5248 FAX: 803-699-3086,Open,https://www.cem.va.gov/cems/nchp/FtJackson.asp
Black Hills National Cemetery*,"	20901 Pleasant Valley Drive
Sturgis, SD 57785",Phone: 605-347-3830 FAX: 605-347-0269,Open,https://www.cem.va.gov/cems/nchp/BlackHills.asp
Fort Meade National Cemetery*,"Old Stone Rd.
Sturgis, SD 57785",Phone: 605-347-3830 FAX: 605-347-0269,Closed,https://www.cem.va.gov/cems/nchp/FtMeade.asp
Hot Springs National Cemetery*,"VA Medical Center
Hot Springs, SD 57747",Phone: 605-347-3830 FAX: 605-347-0269,Closed,https://www.cem.va.gov/cems/nchp/HotSprings.asp
Chattanooga National Cemetery*,"1200 Bailey Ave.
Chattanooga, TN 37404",Phone: 423-855-6590 FAX: 423-855-6597,Open,https://www.cem.va.gov/cems/nchp/Chattanooga.asp
Knoxville National Cemetery*,"	939 Tyson St. NW
Knoxville, TN 37917",Phone: 423-855-6590 FAX: 423-855-6597,Cremation Only,https://www.cem.va.gov/cems/nchp/Knoxville.asp
Memphis National Cemetery*,"	3568 Townes Ave.
Memphis, TN 38122",Phone: 901-386-8311 FAX: 901-382-0750,Cremation Only,https://www.cem.va.gov/cems/nchp/Memphis.asp
Mountain Home National Cemetery*,"	215 Heroes Drive
Mountain Home, TN 37684",Phone: 423-979-3535 FAX: 423-979-3521,Open,https://www.cem.va.gov/cems/nchp/MountainHome.asp
Nashville National Cemetery*,"1420 Gallatin Rd. S
Madison, TN 37115",Phone: 615-860-0086 FAX: 615-860-8691,Cremation Only,https://www.cem.va.gov/cems/nchp/Nashville.asp
Dallas-Fort Worth National Cemetery*,"	2000 Mountain Creek Parkway
Dallas, TX 75211",Phone: 214-467-3374 FAX: 214-467-3316,Open,https://www.cem.va.gov/cems/nchp/DallasFtWorth.asp
Fort Bliss National Cemetery*,"	5200 Fred Wilson Rd.
El Paso, TX 79906",Phone: 915-564-0201 FAX: 915-564-3746,Open,https://www.cem.va.gov/cems/nchp/FtBliss.asp
Fort Sam Houston National Cemetery*,"	1520 Harry Wurzbach Rd.
San Antonio, TX 78209",Phone: 210-820-3891 FAX: 210-820-3445,Open,https://www.cem.va.gov/cems/nchp/FtSamHouston.asp
Houston National Cemetery*,"	10410 Veterans Memorial Dr.
Houston, TX 77038",Phone: 281-447-8686 FAX: 281-447-0580,Open,https://www.cem.va.gov/cems/nchp/Houston.asp
Kerrville National Cemetery*,"	3600 Memorial Blvd.
Kerrville, TX 78028",Phone: 210-820-3891 FAX: 210-820-3445,Closed,https://www.cem.va.gov/cems/nchp/Kerrville.asp
San Antonio National Cemetery*,"	517 Paso Hondo Street
San Antonio, TX 78202",Phone: 210-820-3891 FAX: 210-820-3445,Cremation Only,https://www.cem.va.gov/cems/nchp/SanAntonio.asp
Fort Douglas Post Cemetery*,"	405 Chipeta Way
Salt Lake City, UT 84108",Phone: 303-761-0117 FAX: 303-781-9378,Closed,https://www.cem.va.gov/cems/nchp/FtDouglas.asp
Green Mount Cemetery Soldiers' Lot,"	250 State Street
Montpelier, VT 05602",Phone: 508-563-7113 FAX: 508-564-9946,Closed,https://www.cem.va.gov/cems/lots/Green_Mount.asp
Prospect Hill Cemetery Soldiers' Lot,"94 South Main Street
Brattleboro, VT 05301",Phone: 508-563-7113 FAX: 508-564-9946,Closed,https://www.cem.va.gov/cems/lots/ProspectHill_VT.asp
Alexandria National Cemetery*,"	1450 Wilkes St.
Alexandria, VA 22314",Phone: 703-221-2183 FAX: 703-221-2185,Closed,https://www.cem.va.gov/cems/nchp/AlexandriaVA.asp
Ball's Bluff National Cemetery*,"	Rt. 7
Leesburg, VA 22075",Phone: 540-825-0027 FAX: 540-825-6684,Closed,https://www.cem.va.gov/cems/nchp/BallsBluff.asp
City Point National Cemetery*,"	10th Ave. and Davis St.
Hopewell, VA 23860",Phone: 804-795-2031 FAX: 804-795-1064,Closed,https://www.cem.va.gov/cems/nchp/CityPoint.asp
Cold Harbor National Cemetery*,"	6038 Cold Harbor Road
Mechanicsville, VA 23111",Phone: 804-795-2031 FAX: 804-795-1064,Closed,https://www.cem.va.gov/cems/nchp/ColdHarbor.asp
Culpeper National Cemetery*,"	305 US Ave.
Culpeper, VA 22701",Phone: 540-825-0027 FAX: 540-825-6684,Open,https://www.cem.va.gov/cems/nchp/Culpeper.asp
Danville National Cemetery*,"	721 Lee St.
Danville, VA 24541",Phone: 704-636-2661 FAX: 704-636-1115,Cremation Only,https://www.cem.va.gov/cems/nchp/DanvilleVA.asp
Fort Harrison National Cemetery*,"	8620 Varina Rd.
Richmond, VA 23231",Phone: 804-795-2031 FAX: 804-795-1064,Closed,https://www.cem.va.gov/cems/nchp/FtHarrison.asp
Glendale National Cemetery*,"	8301 Willis Church Rd.
Richmond, VA 23231",Phone: 804-795-2031 FAX: 804-795-1064,Closed,https://www.cem.va.gov/cems/nchp/Glendale.asp
Hampton National Cemetery*,"	1 Cemetery Rd.
Hampton, VA 23669",Phone: 757-723-7104 FAX: 757-723-0027,Closed,https://www.cem.va.gov/cems/nchp/Hampton.asp
Hampton National Cemetery (VAMC),"	VA Medical Center
Emancipation Drive
Hampton, VA 23667",Phone: 757-723-7104 FAX: 757-723-0027,Closed,https://www.cem.va.gov/cems/nchp/HamptonVAMC.asp
Quantico National Cemetery*,"	18424 Joplin Rd.
Triangle, VA 22172",Phone: 703-221-2183 FAX: 703-221-2185,Open,https://www.cem.va.gov/cems/nchp/Quantico.asp
Richmond National Cemetery*,"1701 Williamsburg Rd.
Richmond, VA 23231",Phone: 804-795-2031 FAX: 804-795-1064,Closed,https://www.cem.va.gov/cems/nchp/Richmond.asp
Seven Pines National Cemetery*,"	400 E Williamsburg Rd.
Sandston, VA 23150",Phone: 804-795-2031 FAX: 804-795-1064,Closed,https://www.cem.va.gov/cems/nchp/SevenPines.asp
Staunton National Cemetery*,"901 Richmond Ave.
Staunton, VA 24401",Phone: 540-825-0027 FAX: 540-825-6684,Closed,https://www.cem.va.gov/cems/nchp/Staunton.asp
Winchester National Cemetery*,"	401 National Ave.
Winchester, VA 22601",Phone: 540-825-0027 FAX: 540-825-6684,Closed,https://www.cem.va.gov/cems/nchp/Winchester.asp
Fort Lawton Post Cemetery*,"	Texas Way
Seattle, WA 98199",Phone: 425-413-9614 FAX: 425-413-9618,Closed,https://www.cem.va.gov/cems/nchp/FtLawtonPost.asp
Fort Worden Post Cemetery*,"	1300-1398 W St
Port Townsend, WA 98368",Phone: 425-413-9614 FAX: 425-413-9618,Cremation Only,https://www.cem.va.gov/cems/nchp/FtWorden.asp
Tahoma National Cemetery*,"18600 SE 240th Street
Kent, WA 98042",Phone: 425-413-9614 FAX: 425-413-9618,Open,https://www.cem.va.gov/cems/nchp/Tahoma.asp
Vancouver Barracks National Cemetery*,"	1455 E 4th Plain Blvd.
Vancouver, WA 98663",Phone: 503-273-5250 FAX: 503-273-5251,Cremation Only,https://www.cem.va.gov/cems/nchp/VancouverBarracks.asp
Grafton National Cemetery*,"	431 Walnut St.
Grafton, WV 26354",Phone: 304-265-2044 FAX: 304-265-4336,Closed,https://www.cem.va.gov/cems/nchp/Grafton.asp
West Virginia National Cemetery*,"	42 Veterans Memorial Lane
Grafton, WV 26354",Phone: 304-265-2044 FAX: 304-265-4336,Open,https://www.cem.va.gov/cems/nchp/WestVirginia.asp
Northwoods National Cemetery*,"	4520 Lakewood Road
Harshaw, WI 54529",Phone: 612-726-1127 FAX: 612-726-9119,Open,https://www.cem.va.gov/cems/nchp/Northwoods.asp
Wood National Cemetery*,"5000 W National Ave. Bldg. 1301
Milwaukee, WI 53295",Phone: 414-382-5300 FAX: 414-382-5321,Closed,https://www.cem.va.gov/cems/nchp/Wood.asp
Fort Winnebago Cemetery Soldiers' Lot,"Highway EE
Portage, WI 53901",Phone: 414-382-5300 FAX: 414-382-5321,Closed,https://www.cem.va.gov/cems/lots/Fort_Winnebago.asp
Forest Hill Cemetery Soldiers' Lot,"	One Speedway Road
Madison, WI 53705",Phone: 414-382-5300 FAX: 414-382-5321,Closed,https://www.cem.va.gov/cems/lots/Forest_Hill.asp
Forest Home Cemetery Soldiers' Lot,"	2405 West Forest Home Avenue
Milwaukee, WI 53215",Phone: 414-382-5300 FAX: 414-382-5321,Closed,https://www.cem.va.gov/cems/lots/Forest_Home.asp
Fort Crawford Cemetery Soldiers' Lot,"	413 South Beaumont Road
Prairie du Chien, WI 53821",Phone: 414-382-5300 FAX: 414-382-5321,Closed,https://www.cem.va.gov/cems/lots/Fort_Crawford.asp
Mound Cemetery Soldiers' Lot,"	1147 West Boulevard
Racine, WI 53405",Phone: 414-382-5300 FAX: 414-382-5321,Closed,https://www.cem.va.gov/cems/lots/Mound.asp
Cheyenne National Cemetery*,"	8611 Hildreth Rd.
Cheyenne, WY 82009",Phone: 307-778-7316 ,Open,https://www.cem.va.gov/cems/nchp/Cheyenne.asp
