﻿<?xml version="1.0" encoding="utf-8"?><meta xmlns:xsi="http://www.w3.org/2001/XMLSchema-instance" xmlns:xsd="http://www.w3.org/2001/XMLSchema"><project id="6mHsol4635p" courseid="5bniaVh8y3n_course_id" thumburl="story_content/thumbnail.jpg" title="Module 5 Citizen Scientist UNLOCKED" datepublished="2021-10-20T15:11:18" version="1.0.0.0" flashdata="story_content/data.swf" html5data="mobile/data.json" mobiledata="mobile/data.gz" enabledownload="false" duration="About 17 minutes" totalaudio="804975" totalvideo="31137"><description>Aggie Veteran Legacy Project.  © 2021 Texas A&amp;M University</description><keywords /><slidemeta moniker="slide" monikerplural="slides" viewslides="48" slidecountdescription="48 slides" /><author name="Kathleen Jurecka" email="" website="" /><application name="Articulate Storyline" version="3.52.25156.0" xmlversion="4.0" /></project></meta>